NO.,title,TMDb_ID,Filmarks_ID
0,シャー・ルク・カーンのDDLJ／ラブゲット大作戦,19404,16926
1,ショーシャンクの空に,278,19119
2,ゴッドファーザー,238,12825
3,シンドラーのリスト,424,14275
4,君の名は。,372058,65931
5,ゴッドファーザーPART II,240,38145
6,千と千尋の神隠し,129,7752
7,パラサイト 半地下の家族,496243,83796
8,グリーンマイル,497,16900
9,パルプ・フィクション,680,26701
10,ライフ・イズ・ビューティフル,637,21258
11,十二人の怒れる男,389,32101
12,フォレスト・ガンプ／一期一会,13,31778
13,ダークナイト,155,33832
14,ロード・オブ・ザ・リング／王の帰還,122,28593
15,One Direction: This Is Us,164558,54221
16,ワンス・アポン・ア・タイム・イン・アメリカ,311,30991
17,続・夕陽のガンマン,429,15664
18,ニュー・シネマ・パラダイス,11216,27515
19,グッドフェローズ,769,22215
20,エンツォ レーサーになりたかった犬とある家族の物語,522924,81734
21,僕のヒーローアカデミア THE MOVIE ヒーローズ：ライジング,592350,83582
22,サイコ,539,26254
23,七人の侍,346,36607
24,A Dog's Will,-1,-1
25,ファイト・クラブ,550,28788
26,カッコーの巣の上で,510,9986
27,シティ・オブ・ゴッド,598,6528
28,Steven Universe: The Movie,537061,89827
29,Mortal Kombat Legends: Scorpion's Revenge,-1,-1
30,スパイダーマン：スパイダーバース,324857,77520
31,ハウルの動く城,4935,15488
32,火垂るの墓,12477,16029
33,映画 聲の形,378064,66190
34,サンセット大通り,599,11983
35,切腹,14537,1507
36,独裁者,914,12444
37,スター・ウォーズ エピソード5／帝国の逆襲,1891,26585
38,セッション,244786,59751
39,アメリカン・ヒストリーX,73,17496
40,生きる,3782,8479
41,戦場のピアニスト,423,9783
42,街の灯,901,8965
43,裏窓,567,13436
